-1.3543, -1.35428, -1.35423, -1.35414, -1.35402, -1.35386, -1.35365, -1.35337, -1.35302, -1.35258, -1.35204, -1.35138, -1.35057, -1.3496, -1.34845, -1.34709, -1.3455, -1.34364, -1.34149, -1.33902, -1.33619, -1.33297, -1.32933, -1.32522, -1.32061, -1.31546, -1.30973, -1.30337, -1.29635, -1.2886, -1.2801, -1.27079, -1.26063, -1.24957, -1.23755, -1.22454, -1.21048, -1.19533, -1.17903, -1.16154, -1.14281, -1.1228, -1.10145, -1.07873, -1.05459, -1.02898, -1.00187, -0.973207, -0.942958, -0.911079, -0.877528, -0.842259, -0.805223, -0.766361, -0.725603, -0.682856, -0.637999, -0.590855, -0.541164, -0.488522, -0.432265, -0.371223, -0.303138, -0.22313, 
-0.11908, -0.0752635, -0.05241, -0.038066, -0.0277289, -0.0195348, -0.0126089, -0.00649572, -0.000937935, 0.00421832, 0.00906843, 0.0136724, 0.0180675, 0.0222758, 0.0263088, 0.0301701, 0.0338575, 0.0373644, 0.0406808, 0.0437938, 0.0466887, 0.0493489, 0.0517566, 0.0538932, 0.0557395, 0.0572761, 0.0584836, 0.0593433, 0.0598368, 0.059947, 0.0596579, 0.0589552, 0.0578267, 0.056262, 0.0542536, 0.0517966, 0.0488894, 0.0455336, 0.0417347, 0.0375017, 0.0328482, 0.0277918, 0.0223546, 0.0165633, 0.0104495, 0.00404927, -0.0025965, -0.00944227, -0.0164379, -0.0235291, -0.0306571, -0.0377596, -0.0447708, -0.0516216, -0.0582406, -0.0645541, -0.070487, -0.0759629, -0.080905, -0.0852359, -0.0888779, -0.0917517, -0.0937738, -0.0948491, 
-0.794339, -0.794233, -0.79402, -0.793699, -0.793269, -0.792727, -0.79207, -0.791294, -0.790397, -0.789372, -0.788216, -0.786921, -0.785483, -0.783893, -0.782145, -0.780231, -0.778142, -0.775869, -0.773402, -0.770732, -0.767848, -0.764738, -0.761392, -0.757798, -0.753942, -0.749813, -0.745397, -0.740681, -0.73565, -0.730292, -0.724592, -0.718536, -0.712109, -0.705296, -0.698085, -0.690459, -0.682406, -0.673911, -0.66496, -0.655542, -0.645642, -0.63525, -0.624354, -0.612945, -0.601012, -0.588548, -0.575545, -0.562, -0.547907, -0.533264, -0.518072, -0.502332, -0.486047, -0.469224, -0.451872, -0.434002, -0.415627, -0.396766, -0.377437, -0.357666, -0.337477, -0.316902, -0.295974, -0.274731, 
-0.253214, -0.231469, -0.209544, -0.187493, -0.165373, -0.143245, -0.121174, -0.0992272, -0.077478, -0.0560019, -0.0348778, -0.0141877, 0.00598348, 0.0255486, 0.0444184, 0.0625019, 0.0797069, 0.0959408, 0.111111, 0.125124, 0.137889, 0.149318, 0.159323, 0.16782, 0.174731, 0.179982, 0.183505, 0.185237, 0.185126, 0.183126, 0.179203, 0.173331, 0.165497, 0.155699, 0.143948, 0.130271, 0.114706, 0.0973081, 0.0781476, 0.0573103, 0.0348981, 0.0110292, -0.0141619, -0.0405248, -0.0678933, -0.0960863, -0.124908, -0.15415, -0.183589, -0.212995, -0.242126, -0.270731, -0.298556, -0.325344, -0.350833, -0.374767, -0.396891, -0.416959, -0.434735, -0.449994, -0.462529, -0.472153, -0.4787, -0.482029, 
-0.744029, -0.743919, -0.743701, -0.743372, -0.74293, -0.742375, -0.741704, -0.740913, -0.74, -0.73896, -0.737789, -0.736483, -0.735036, -0.733443, -0.731696, -0.72979, -0.727718, -0.725471, -0.723043, -0.720423, -0.717605, -0.714578, -0.711333, -0.707861, -0.70415, -0.70019, -0.69597, -0.69148, -0.686707, -0.681641, -0.676269, -0.67058, -0.664563, -0.658204, -0.651492, -0.644416, -0.636964, -0.629125, -0.620887, -0.61224, -0.603175, -0.59368, -0.583749, -0.573372, -0.562542, -0.551253, -0.539499, -0.527278, -0.514586, -0.501422, -0.487786, -0.473681, -0.45911, -0.44408, -0.428598, -0.412676, -0.396324, -0.37956, -0.3624, -0.344866, -0.32698, -0.30877, -0.290264, -0.271496, 
-0.2525, -0.233318, -0.21399, -0.194563, -0.175085, -0.15561, -0.136193, -0.116893, -0.0977716, -0.078894, -0.0603278, -0.0421432, -0.0244128, -0.00721103, 0.00938568, 0.0252997, 0.0404524, 0.0547647, 0.0681572, 0.0805514, 0.0918695, 0.102035, 0.110975, 0.118618, 0.124897, 0.129748, 0.133115, 0.134944, 0.135191, 0.133818, 0.130794, 0.126099, 0.119721, 0.111659, 0.101924, 0.090538, 0.077534, 0.0629592, 0.0468735, 0.0293505, 0.0104771, -0.00964565, -0.0309031, -0.0531669, -0.0762954, -0.100134, -0.124516, -0.149264, -0.174189, -0.199093, -0.22377, -0.248008, -0.27159, -0.294296, -0.315906, -0.336199, -0.35496, -0.37198, -0.387056, -0.399999, -0.410633, -0.418797, -0.42435, -0.427175, 
-0.691133, -0.691021, -0.690796, -0.690458, -0.690006, -0.689438, -0.688752, -0.687946, -0.687017, -0.685962, -0.684778, -0.68346, -0.682005, -0.680409, -0.678665, -0.676769, -0.674716, -0.672499, -0.670112, -0.667548, -0.6648, -0.661862, -0.658726, -0.655383, -0.651825, -0.648046, -0.644035, -0.639784, -0.635284, -0.630527, -0.625503, -0.620202, -0.614617, -0.608737, -0.602553, -0.596057, -0.589239, -0.582091, -0.574604, -0.566771, -0.558584, -0.550036, -0.54112, -0.53183, -0.522161, -0.512109, -0.501671, -0.490843, -0.479625, -0.468016, -0.456018, -0.443633, -0.430866, -0.417721, -0.404207, -0.390333, -0.376109, -0.36155, -0.346671, -0.331489, -0.316025, -0.3003, -0.284341, -0.268174, 
-0.251829, -0.23534, -0.218741, -0.202072, -0.185372, -0.168685, -0.152057, -0.135538, -0.119178, -0.103031, -0.0871523, -0.0716, -0.0564338, -0.0417149, -0.0275059, -0.0138707, -0.00087357, 0.0114206, 0.0229469, 0.0336411, 0.0434395, 0.0522801, 0.0601025, 0.066849, 0.0724648, 0.0768985, 0.0801031, 0.0820363, 0.0826613, 0.0819474, 0.0798705, 0.0764137, 0.0715682, 0.0653335, 0.0577185, 0.0487411, 0.0384296, 0.0268226, 0.0139694, -6.96705e-05, -0.0152232, -0.0314084, -0.0485313, -0.0664868, -0.0851592, -0.104422, -0.124139, -0.144164, -0.164344, -0.184517, -0.204514, -0.224163, -0.243287, -0.261705, -0.279237, -0.295706, -0.310934, -0.32475, -0.33699, -0.3475, -0.356135, -0.362765, -0.367275, -0.369569, 
-0.635738, -0.635623, -0.635392, -0.635046, -0.634582, -0.634001, -0.6333, -0.632479, -0.631534, -0.630464, -0.629266, -0.627938, -0.626476, -0.624877, -0.623137, -0.621254, -0.619222, -0.617037, -0.614694, -0.61219, -0.609519, -0.606675, -0.603653, -0.600448, -0.597054, -0.593464, -0.589673, -0.585675, -0.581463, -0.577031, -0.572373, -0.567481, -0.56235, -0.556973, -0.551344, -0.545457, -0.539305, -0.532883, -0.526185, -0.519205, -0.51194, -0.504384, -0.496533, -0.488383, -0.479932, -0.471177, -0.462116, -0.45275, -0.443076, -0.433098, -0.422816, -0.412233, -0.401355, -0.390185, -0.378732, -0.367003, -0.355009, -0.342759, -0.330268, -0.31755, -0.304622, -0.291501, -0.278208, -0.264765, 
-0.251195, -0.237526, -0.223785, -0.210002, -0.19621, -0.182442, -0.168735, -0.155126, -0.141657, -0.128367, -0.115302, -0.102505, -0.090022, -0.0779014, -0.0661913, -0.0549406, -0.044199, -0.0340163, -0.0244424, -0.0155266, -0.00731766, 0.000136925, 0.00679108, 0.0126007, 0.0175239, 0.0215217, 0.0245583, 0.0266017, 0.0276241, 0.0276022, 0.026518, 0.0243591, 0.0211191, 0.0167981, 0.0114034, 0.00494911, -0.00254257, -0.0110417, -0.0205101, -0.0309013, -0.0421599, -0.0542225, -0.0670168, -0.0804619, -0.0944691, -0.108941, -0.123774, -0.138856, -0.154069, -0.169289, -0.184388, -0.199234, -0.21369, -0.227619, -0.240885, -0.253349, -0.264879, -0.275342, -0.284614, -0.292577, -0.29912, -0.304144, -0.307563, -0.309302, 
-0.577966, -0.577848, -0.577611, -0.577255, -0.576781, -0.576186, -0.575471, -0.574633, -0.573673, -0.572588, -0.571376, -0.570038, -0.568569, -0.566969, -0.565235, -0.563365, -0.561356, -0.559206, -0.556912, -0.554471, -0.55188, -0.549136, -0.546236, -0.543176, -0.539953, -0.536563, -0.533004, -0.529271, -0.525361, -0.521269, -0.516994, -0.51253, -0.507875, -0.503024, -0.497975, -0.492724, -0.487269, -0.481605, -0.475731, -0.469643, -0.46334, -0.45682, -0.450081, -0.443122, -0.435942, -0.428541, -0.420918, -0.413076, -0.405015, -0.396737, -0.388245, -0.379543, -0.370636, -0.361527, -0.352224, -0.342733, -0.333063, -0.323222, -0.313222, -0.303074, -0.29279, -0.282384, -0.271871, -0.261268, 
-0.250593, -0.239864, -0.229102, -0.218329, -0.207568, -0.196844, -0.186181, -0.175607, -0.165151, -0.154841, -0.144708, -0.134782, -0.125097, -0.115685, -0.106579, -0.0978137, -0.0894228, -0.0814406, -0.0739013, -0.0668386, -0.0602857, -0.054275, -0.0488377, -0.0440038, -0.0398014, -0.0362568, -0.0333941, -0.0312345, -0.0297967, -0.029096, -0.0291439, -0.0299486, -0.0315136, -0.0338382, -0.0369171, -0.0407399, -0.0452908, -0.0505489, -0.0564876, -0.0630747, -0.0702722, -0.0780361, -0.0863169, -0.0950592, -0.104202, -0.11368, -0.12342, -0.133348, -0.143383, -0.15344, -0.163432, -0.173269, -0.18286, -0.19211, -0.200927, -0.209218, -0.216891, -0.223859, -0.230037, -0.235344, -0.239707, -0.243058, -0.245338, -0.246498, 
-0.517978, -0.517857, -0.517614, -0.51725, -0.516763, -0.516155, -0.515425, -0.514572, -0.513595, -0.512495, -0.511271, -0.509922, -0.508448, -0.506847, -0.50512, -0.503265, -0.501281, -0.499168, -0.496925, -0.494551, -0.492045, -0.489406, -0.486633, -0.483725, -0.480681, -0.477501, -0.474183, -0.470726, -0.46713, -0.463395, -0.459518, -0.4555, -0.45134, -0.447037, -0.442592, -0.438003, -0.433271, -0.428397, -0.423379, -0.418219, -0.412916, -0.407473, -0.40189, -0.396167, -0.390308, -0.384313, -0.378185, -0.371927, -0.36554, -0.359029, -0.352397, -0.345648, -0.338787, -0.331818, -0.324747, -0.317581, -0.310324, -0.302985, -0.295572, -0.288091, -0.280553, -0.272965, -0.265339, -0.257685, 
-0.250014, -0.242338, -0.234669, -0.227021, -0.219407, -0.211841, -0.204339, -0.196916, -0.189587, -0.182369, -0.17528, -0.168335, -0.161554, -0.154952, -0.14855, -0.142364, -0.136412, -0.130714, -0.125286, -0.120146, -0.115311, -0.110799, -0.106624, -0.102802, -0.0993467, -0.0962717, -0.0935885, -0.0913075, -0.0894376, -0.0879856, -0.086957, -0.0863549, -0.0861802, -0.0864317, -0.0871057, -0.0881959, -0.0896933, -0.0915863, -0.0938602, -0.0964978, -0.0994787, -0.10278, -0.106375, -0.110235, -0.114328, -0.11862, -0.123075, -0.127652, -0.13231, -0.137008, -0.141698, -0.146337, -0.150876, -0.155269, -0.159468, -0.163426, -0.167097, -0.170436, -0.173402, -0.175953, -0.178052, -0.179666, -0.180765, -0.181324, 
-0.455981, -0.455857, -0.455608, -0.455234, -0.454736, -0.454114, -0.453369, -0.4525, -0.451507, -0.450393, -0.449155, -0.447797, -0.446317, -0.444716, -0.442997, -0.441158, -0.439201, -0.437128, -0.434939, -0.432635, -0.430217, -0.427687, -0.425047, -0.422297, -0.419439, -0.416476, -0.413409, -0.410239, -0.406969, -0.403602, -0.400138, -0.396582, -0.392935, -0.389199, -0.385379, -0.381476, -0.377493, -0.373435, -0.369303, -0.365102, -0.360834, -0.356505, -0.352117, -0.347673, -0.34318, -0.338639, -0.334056, -0.329434, -0.324779, -0.320094, -0.315384, -0.310654, -0.305908, -0.301151, -0.296388, -0.291623, -0.286862, -0.282108, -0.277367, -0.272644, -0.267942, -0.263268, -0.258625, -0.254018, 
-0.249452, -0.24493, -0.240457, -0.236038, -0.231675, -0.227374, -0.223138, -0.218969, -0.214872, -0.21085, -0.206905, -0.20304, -0.199259, -0.195562, -0.191952, -0.188431, -0.185, -0.18166, -0.178414, -0.17526, -0.172201, -0.169236, -0.166364, -0.163587, -0.160904, -0.158314, -0.155815, -0.153408, -0.151091, -0.148862, -0.146721, -0.144664, -0.142691, -0.1408, -0.138988, -0.137254, -0.135596, -0.134011, -0.132497, -0.131053, -0.129676, -0.128365, -0.127118, -0.125932, -0.124807, -0.123741, -0.122732, -0.12178, -0.120883, -0.120041, -0.119254, -0.11852, -0.117839, -0.117212, -0.116639, -0.11612, -0.115655, -0.115245, -0.114891, -0.114594, -0.114354, -0.114172, -0.11405, -0.113989, 
-0.392229, -0.392101, -0.391845, -0.391463, -0.390953, -0.390317, -0.389556, -0.388671, -0.387663, -0.386533, -0.385283, -0.383915, -0.38243, -0.38083, -0.379119, -0.377298, -0.375369, -0.373337, -0.371204, -0.368972, -0.366646, -0.36423, -0.361726, -0.35914, -0.356475, -0.353735, -0.350926, -0.348053, -0.345119, -0.342131, -0.339093, -0.336012, -0.332893, -0.329742, -0.326564, -0.323367, -0.320155, -0.316936, -0.313716, -0.310502, -0.3073, -0.304116, -0.300957, -0.297829, -0.29474, -0.291695, -0.288701, -0.285763, -0.282888, -0.280081, -0.277348, -0.274694, -0.272123, -0.269641, -0.26725, -0.264955, -0.262759, -0.260664, -0.258671, -0.256783, -0.254999, -0.253319, -0.251744, -0.25027, 
-0.248896, -0.247617, -0.246431, -0.245331, -0.244313, -0.243368, -0.242489, -0.241667, -0.240893, -0.240156, -0.239444, -0.238747, -0.238049, -0.237338, -0.2366, -0.235819, -0.234979, -0.234066, -0.233062, -0.231951, -0.230716, -0.229342, -0.227811, -0.226108, -0.224218, -0.222126, -0.219817, -0.21728, -0.214503, -0.211475, -0.208188, -0.204636, -0.200814, -0.196719, -0.192351, -0.187712, -0.182808, -0.177646, -0.172238, -0.166596, -0.160738, -0.154684, -0.148456, -0.142082, -0.13559, -0.129014, -0.122387, -0.115749, -0.109139, -0.102601, -0.0961793, -0.0899205, -0.0838723, -0.0780832, -0.0726024, -0.0674787, -0.0627605, -0.0584949, -0.0547273, -0.0515008, -0.0488555, -0.046828, -0.0454505, -0.0447507, 
-0.327025, -0.326894, -0.326632, -0.32624, -0.325718, -0.325069, -0.324292, -0.323391, -0.322367, -0.321222, -0.319959, -0.318581, -0.317091, -0.315493, -0.31379, -0.311987, -0.310088, -0.308099, -0.306023, -0.303866, -0.301635, -0.299334, -0.296972, -0.294553, -0.292085, -0.289575, -0.287031, -0.28446, -0.28187, -0.27927, -0.276669, -0.274074, -0.271495, -0.268941, -0.266422, -0.263946, -0.261524, -0.259164, -0.256877, -0.254672, -0.252558, -0.250546, -0.248645, -0.246863, -0.24521, -0.243695, -0.242325, -0.241109, -0.240055, -0.239169, -0.238458, -0.237927, -0.237581, -0.237424, -0.23746, -0.237691, -0.238118, -0.238741, -0.239559, -0.24057, -0.24177, -0.243154, -0.244715, -0.246445, 
-0.248336, -0.250374, -0.252549, -0.254845, -0.257245, -0.259733, -0.262288, -0.264889, -0.267513, -0.270136, -0.272732, -0.275273, -0.277731, -0.280074, -0.282272, -0.284294, -0.286105, -0.287672, -0.288962, -0.28994, -0.290572, -0.290825, -0.290665, -0.290061, -0.288983, -0.2874, -0.285286, -0.282616, -0.279367, -0.275522, -0.271064, -0.265982, -0.260268, -0.253919, -0.246936, -0.239326, -0.231102, -0.222282, -0.212889, -0.202953, -0.192511, -0.181605, -0.170283, -0.158601, -0.14662, -0.134406, -0.122032, -0.109577, -0.097123, -0.0847579, -0.0725728, -0.0606621, -0.0491227, -0.0380528, -0.0275515, -0.0177175, -0.00864803, -0.00043785, 0.00682189, 0.0130449, 0.018151, 0.0220672, 0.0247291, 0.026082, 
-0.26073, -0.260595, -0.260327, -0.259925, -0.259392, -0.258728, -0.257936, -0.257018, -0.255978, -0.254818, -0.253542, -0.252154, -0.25066, -0.249063, -0.247369, -0.245585, -0.243716, -0.24177, -0.239753, -0.237672, -0.235537, -0.233355, -0.231135, -0.228887, -0.226619, -0.224343, -0.222068, -0.219805, -0.217565, -0.21536, -0.213202, -0.211102, -0.209072, -0.207126, -0.205275, -0.203533, -0.201913, -0.200426, -0.199087, -0.197908, -0.196901, -0.19608, -0.195457, -0.195043, -0.19485, -0.19489, -0.195172, -0.195707, -0.196503, -0.19757, -0.198913, -0.20054, -0.202456, -0.204664, -0.207167, -0.209965, -0.213059, -0.216446, -0.220121, -0.22408, -0.228313, -0.232811, -0.237561, -0.24255, 
-0.247759, -0.253171, -0.258762, -0.26451, -0.270388, -0.276366, -0.282413, -0.288494, -0.294575, -0.300615, -0.306573, -0.312408, -0.318073, -0.323523, -0.328708, -0.333579, -0.338086, -0.342177, -0.345799, -0.348902, -0.351433, -0.353341, -0.354576, -0.35509, -0.354837, -0.353772, -0.351856, -0.349051, -0.345325, -0.340649, -0.335, -0.328362, -0.320724, -0.312082, -0.30244, -0.291809, -0.280209, -0.267668, -0.254223, -0.23992, -0.224815, -0.208974, -0.192471, -0.175391, -0.157825, -0.139878, -0.121658, -0.103287, -0.0848881, -0.0665959, -0.0485484, -0.0308888, -0.0137637, 0.00267781, 0.0182859, 0.0329113, 0.046407, 0.0586297, 0.0694418, 0.078713, 0.0863223, 0.0921597, 0.0961282, 0.0981455, 
-0.19376, -0.193622, -0.193347, -0.192936, -0.19239, -0.191712, -0.190904, -0.18997, -0.188913, -0.187738, -0.186448, -0.185051, -0.183552, -0.181956, -0.180272, -0.178506, -0.176668, -0.174765, -0.172807, -0.170803, -0.168765, -0.166702, -0.164627, -0.16255, -0.160485, -0.158444, -0.15644, -0.154488, -0.152601, -0.150795, -0.149084, -0.147483, -0.146008, -0.144674, -0.143499, -0.142497, -0.141686, -0.141081, -0.140698, -0.140555, -0.140666, -0.141047, -0.141714, -0.142681, -0.143963, -0.145572, -0.147522, -0.149824, -0.15249, -0.155528, -0.158946, -0.162753, -0.166952, -0.171548, -0.176542, -0.181935, -0.187722, -0.1939, -0.200462, -0.207398, -0.214695, -0.222339, -0.230311, -0.23859, 
-0.247153, -0.255972, -0.265016, -0.274252, -0.283642, -0.293146, -0.302721, -0.31232, -0.321892, -0.331385, -0.340742, -0.349905, -0.358812, -0.367401, -0.375605, -0.383356, -0.390588, -0.397229, -0.40321, -0.40846, -0.41291, -0.416492, -0.419137, -0.420782, -0.421363, -0.420823, -0.419108, -0.416168, -0.411958, -0.406443, -0.399592, -0.391383, -0.381801, -0.370843, -0.358513, -0.344829, -0.329817, -0.313515, -0.295975, -0.277258, -0.257442, -0.236613, -0.214873, -0.192336, -0.169126, -0.145383, -0.121255, -0.0969029, -0.0724956, -0.048212, -0.0242385, -0.000767424, 0.022004, 0.0438756, 0.0646462, 0.0841153, 0.102085, 0.118364, 0.132768, 0.14512, 0.15526, 0.16304, 0.16833, 0.171018, 
-0.126591, -0.12645, -0.126169, -0.125748, -0.12519, -0.124497, -0.123674, -0.122723, -0.121649, -0.120458, -0.119155, -0.117748, -0.116243, -0.114649, -0.112973, -0.111226, -0.109417, -0.107558, -0.105659, -0.103732, -0.10179, -0.0998458, -0.0979141, -0.0960091, -0.0941458, -0.0923401, -0.0906082, -0.0889668, -0.0874333, -0.0860255, -0.0847615, -0.08366, -0.0827399, -0.0820203, -0.0815207, -0.0812606, -0.0812597, -0.0815376, -0.0821138, -0.0830077, -0.0842383, -0.0858244, -0.087784, -0.0901348, -0.0928936, -0.0960762, -0.0996975, -0.103771, -0.10831, -0.113324, -0.118823, -0.124814, -0.131304, -0.138294, -0.145786, -0.153778, -0.162267, -0.171244, -0.1807, -0.190622, -0.200992, -0.211791, -0.222995, -0.234575, 
-0.246502, -0.258738, -0.271246, -0.283981, -0.296895, -0.309938, -0.323053, -0.33618, -0.349256, -0.362213, -0.374981, -0.387484, -0.399645, -0.411384, -0.422617, -0.43326, -0.443226, -0.452428, -0.460776, -0.468182, -0.47456, -0.479822, -0.483883, -0.486663, -0.488084, -0.488072, -0.486559, -0.483484, -0.478792, -0.472436, -0.464378, -0.454592, -0.443061, -0.429779, -0.414753, -0.398005, -0.379569, -0.359494, -0.337843, -0.314697, -0.290151, -0.264316, -0.23732, -0.209305, -0.180431, -0.15087, -0.120811, -0.0904546, -0.0600151, -0.0297168, 0.000205913, 0.0295112, 0.0579513, 0.0852745, 0.111228, 0.13556, 0.158023, 0.178374, 0.196383, 0.21183, 0.22451, 0.23424, 0.240856, 0.244219, 
-0.059763, -0.0596185, -0.0593302, -0.0588997, -0.0583293, -0.0576222, -0.0567823, -0.0558143, -0.0547235, -0.0535164, -0.0522, -0.0507821, -0.0492713, -0.0476772, -0.0460098, -0.0442804, -0.0425007, -0.0406832, -0.0388415, -0.0369896, -0.0351425, -0.033316, -0.0315264, -0.0297909, -0.0281274, -0.0265544, -0.0250912, -0.0237576, -0.0225739, -0.0215611, -0.0207407, -0.0201345, -0.0197648, -0.0196541, -0.0198252, -0.020301, -0.0211046, -0.022259, -0.023787, -0.0257111, -0.0280537, -0.0308365, -0.0340805, -0.0378062, -0.042033, -0.0467791, -0.0520616, -0.0578961, -0.0642968, -0.0712757, -0.0788431, -0.087007, -0.095773, -0.105144, -0.11512, -0.125699, -0.136874, -0.148636, -0.160972, -0.173864, -0.187292, -0.20123, -0.215649, -0.230514, 
-0.245788, -0.261426, -0.277381, -0.293598, -0.310021, -0.326586, -0.343224, -0.359865, -0.376429, -0.392836, -0.408999, -0.424828, -0.440229, -0.455106, -0.469356, -0.482879, -0.495569, -0.507321, -0.518028, -0.527583, -0.535881, -0.542817, -0.548291, -0.552203, -0.554461, -0.554976, -0.553667, -0.550459, -0.545287, -0.538095, -0.528838, -0.517484, -0.504012, -0.488417, -0.470707, -0.450909, -0.429063, -0.40523, -0.379487, -0.351929, -0.322673, -0.291853, -0.259621, -0.226151, -0.191633, -0.156278, -0.12031, -0.0839736, -0.047525, -0.011235, 0.0246145, 0.0597321, 0.0938196, 0.126574, 0.157692, 0.186869, 0.213807, 0.238216, 0.259818, 0.278347, 0.293559, 0.305232, 0.31317, 0.317205, 
0.0061248, 0.00627278, 0.00656783, 0.00700817, 0.00759108, 0.00831295, 0.00916929, 0.0101547, 0.0112627, 0.0124863, 0.0138172, 0.0152464, 0.0167638, 0.0183586, 0.0200191, 0.0217323, 0.0234848, 0.025262, 0.0270485, 0.0288278, 0.0305828, 0.0322954, 0.0339466, 0.0355168, 0.0369853, 0.0383307, 0.039531, 0.0405633, 0.0414043, 0.0420298, 0.0424152, 0.0425355, 0.0423649, 0.0418778, 0.041048, 0.0398491, 0.0382548, 0.0362389, 0.0337751, 0.0308378, 0.0274014, 0.0234414, 0.0189335, 0.0138548, 0.00818317, 0.00189796, -0.00502007, -0.0125885, -0.0208229, -0.0297369, -0.0393416, -0.0496457, -0.0606549, -0.072372, -0.0847965, -0.0979242, -0.111747, -0.126254, -0.141428, -0.157249, -0.173691, -0.190724, -0.208314, -0.226419, 
-0.244994, -0.263988, -0.283342, -0.302996, -0.322879, -0.342919, -0.363034, -0.383141, -0.403148, -0.422959, -0.442474, -0.461586, -0.480185, -0.498159, -0.515389, -0.531755, -0.547135, -0.561405, -0.574441, -0.586119, -0.596314, -0.604905, -0.611775, -0.616807, -0.619894, -0.620931, -0.619825, -0.616488, -0.610844, -0.602829, -0.59239, -0.579489, -0.564103, -0.546226, -0.525869, -0.50306, -0.47785, -0.450308, -0.420525, -0.388613, -0.354707, -0.318964, -0.281564, -0.242707, -0.202618, -0.16154, -0.119738, -0.0774957, -0.0351129, 0.00709453, 0.0487973, 0.0896554, 0.129321, 0.16744, 0.203657, 0.23762, 0.26898, 0.297397, 0.322547, 0.344122, 0.361835, 0.375428, 0.38467, 0.389369, 
0.0704096, 0.070561, 0.0708629, 0.0713131, 0.0719087, 0.0726455, 0.0735185, 0.0745215, 0.0756474, 0.076888, 0.0782341, 0.0796754, 0.0812006, 0.0827975, 0.0844528, 0.0861519, 0.0878795, 0.0896193, 0.0913537, 0.0930643, 0.0947317, 0.0963354, 0.097854, 0.0992653, 0.100546, 0.101672, 0.102619, 0.10336, 0.10387, 0.10412, 0.104084, 0.103734, 0.103039, 0.101972, 0.100503, 0.0986018, 0.0962395, 0.0933864, 0.090013, 0.0860906, 0.0815905, 0.0764851, 0.0707475, 0.0643519, 0.0572738, 0.04949, 0.0409792, 0.031722, 0.0217011, 0.0109016, -0.000688446, -0.0130784, -0.0262743, -0.0402786, -0.05509, -0.0707033, -0.0871089, -0.104293, -0.122236, -0.140914, -0.160297, -0.180351, -0.201036, -0.222303, 
-0.2441, -0.266369, -0.289043, -0.312051, -0.335314, -0.358747, -0.382259, -0.405752, -0.429122, -0.452259, -0.475048, -0.497368, -0.519093, -0.540094, -0.560235, -0.579381, -0.597391, -0.614124, -0.629439, -0.643192, -0.655244, -0.665455, -0.67369, -0.67982, -0.683718, -0.685269, -0.684364, -0.680904, -0.674802, -0.665985, -0.654393, -0.639983, -0.622729, -0.602624, -0.57968, -0.553932, -0.525435, -0.494269, -0.460538, -0.424371, -0.38592, -0.345366, -0.302913, -0.258791, -0.213255, -0.166583, -0.119077, -0.0710602, -0.0228749, 0.0251186, 0.072545, 0.119017, 0.164137, 0.207502, 0.248708, 0.287351, 0.323035, 0.355372, 0.383993, 0.408546, 0.428706, 0.444176, 0.454695, 0.460044, 
0.132368, 0.132523, 0.132832, 0.133292, 0.1339, 0.134652, 0.135542, 0.136563, 0.137707, 0.138966, 0.140328, 0.141782, 0.143317, 0.144918, 0.14657, 0.148258, 0.149964, 0.15167, 0.153357, 0.155004, 0.156589, 0.158091, 0.159485, 0.160747, 0.16185, 0.162768, 0.163474, 0.163938, 0.164132, 0.164026, 0.163588, 0.162787, 0.161592, 0.15997, 0.157889, 0.155316, 0.152217, 0.148562, 0.144316, 0.139449, 0.133928, 0.127723, 0.120804, 0.113143, 0.104714, 0.0954893, 0.0854472, 0.0745659, 0.0628266, 0.0502132, 0.0367126, 0.0223149, 0.00701404, -0.00919243, -0.0263026, -0.04431, -0.0632035, -0.0829666, -0.103578, -0.12501, -0.147228, -0.170195, -0.193862, -0.218179, 
-0.243085, -0.268513, -0.294389, -0.320634, -0.347158, -0.373866, -0.400655, -0.427417, -0.454033, -0.480381, -0.506332, -0.53175, -0.556495, -0.580419, -0.603374, -0.625206, -0.645758, -0.664872, -0.682389, -0.69815, -0.711997, -0.723775, -0.733333, -0.740526, -0.745212, -0.747263, -0.746555, -0.742979, -0.736438, -0.72685, -0.714148, -0.698283, -0.679227, -0.656972, -0.631532, -0.602946, -0.571275, -0.53661, -0.499067, -0.458789, -0.415949, -0.370747, -0.323413, -0.274203, -0.223404, -0.171326, -0.118307, -0.0647098, -0.0109163, 0.04267, 0.0956291, 0.147527, 0.19792, 0.246358, 0.292386, 0.335554, 0.375419, 0.411547, 0.443524, 0.470957, 0.493482, 0.510768, 0.522522, 0.528499, 
0.191219, 0.191377, 0.191693, 0.192163, 0.192785, 0.193552, 0.194459, 0.195498, 0.196662, 0.197938, 0.199318, 0.200787, 0.202332, 0.203939, 0.205591, 0.207271, 0.208959, 0.210637, 0.212282, 0.213872, 0.215384, 0.216793, 0.218073, 0.219196, 0.220135, 0.22086, 0.221342, 0.221548, 0.221447, 0.221007, 0.220192, 0.218969, 0.217304, 0.215161, 0.212504, 0.209297, 0.205506, 0.201093, 0.196025, 0.190265, 0.18378, 0.176536, 0.168501, 0.159644, 0.149935, 0.139348, 0.127856, 0.115436, 0.102069, 0.0877367, 0.0724251, 0.0561239, 0.0388266, 0.0205311, 0.00123985, -0.0190397, -0.0402948, -0.0625071, -0.0856522, -0.109699, -0.134612, -0.160345, -0.186849, -0.214063, 
-0.241924, -0.270356, -0.299278, -0.328601, -0.358227, -0.388052, -0.41796, -0.447832, -0.477539, -0.506945, -0.535907, -0.564276, -0.591896, -0.618606, -0.644242, -0.668634, -0.691609, -0.712993, -0.73261, -0.750287, -0.765848, -0.779122, -0.789944, -0.798153, -0.803594, -0.806124, -0.805609, -0.801927, -0.794972, -0.784653, -0.770897, -0.753651, -0.732882, -0.708582, -0.680767, -0.649479, -0.614788, -0.576791, -0.535617, -0.491424, -0.444402, -0.394772, -0.342786, -0.288728, -0.232912, -0.175682, -0.117408, -0.0584905, 0.000649687, 0.0595684, 0.117803, 0.174876, 0.230297, 0.283571, 0.334199, 0.381683, 0.425535, 0.465279, 0.500458, 0.530638, 0.55542, 0.574438, 0.58737, 0.593946, 
0.246128, 0.24629, 0.246613, 0.247093, 0.247727, 0.24851, 0.249435, 0.250493, 0.251676, 0.252972, 0.25437, 0.255856, 0.257414, 0.25903, 0.260685, 0.262361, 0.264037, 0.265692, 0.267302, 0.268844, 0.270292, 0.271619, 0.272797, 0.273797, 0.274588, 0.275139, 0.275418, 0.275389, 0.27502, 0.274273, 0.273114, 0.271504, 0.269407, 0.266784, 0.263597, 0.259807, 0.255375, 0.250264, 0.244434, 0.237849, 0.230471, 0.222265, 0.213195, 0.203228, 0.192333, 0.180479, 0.16764, 0.153792, 0.138911, 0.12298, 0.105983, 0.0879099, 0.0687538, 0.0485124, 0.027189, 0.00479177, -0.018665, -0.0431612, -0.0686699, -0.0951577, -0.122584, -0.1509, -0.180051, -0.209973, 
-0.240594, -0.271833, -0.303601, -0.335802, -0.368329, -0.401067, -0.433894, -0.466676, -0.499275, -0.531543, -0.563324, -0.594455, -0.624769, -0.654089, -0.682237, -0.709028, -0.734274, -0.757787, -0.779376, -0.79885, -0.81602, -0.830701, -0.842711, -0.851877, -0.85803, -0.861015, -0.860685, -0.856909, -0.849571, -0.838573, -0.823835, -0.805298, -0.782929, -0.756718, -0.726682, -0.692867, -0.655348, -0.614232, -0.569658, -0.521799, -0.470859, -0.41708, -0.360736, -0.302135, -0.241617, -0.179557, -0.116358, -0.0524517, 0.0117019, 0.075621, 0.138803, 0.200729, 0.260867, 0.318678, 0.37362, 0.425154, 0.472747, 0.515884, 0.554066, 0.586825, 0.613724, 0.634367, 0.648405, 0.655543, 
0.296215, 0.296381, 0.29671, 0.297201, 0.297848, 0.298647, 0.299589, 0.300667, 0.30187, 0.303186, 0.304604, 0.306108, 0.307683, 0.309311, 0.310973, 0.31265, 0.314319, 0.315958, 0.317542, 0.319046, 0.320441, 0.3217, 0.322792, 0.323687, 0.32435, 0.32475, 0.32485, 0.324616, 0.324009, 0.322992, 0.321526, 0.319572, 0.317089, 0.314037, 0.310375, 0.306062, 0.301055, 0.295315, 0.288801, 0.281471, 0.273288, 0.264212, 0.254206, 0.243235, 0.231265, 0.218265, 0.204205, 0.18906, 0.172805, 0.155422, 0.136894, 0.11721, 0.0963626, 0.0743505, 0.0511768, 0.0268508, 0.00138784, -0.0251901, -0.0528542, -0.0815682, -0.111288, -0.141963, -0.173532, -0.205926, 
-0.239069, -0.272873, -0.307244, -0.342077, -0.377258, -0.412663, -0.44816, -0.483607, -0.518855, -0.553744, -0.588108, -0.621772, -0.654556, -0.68627, -0.716723, -0.745716, -0.773049, -0.798517, -0.821917, -0.843044, -0.861695, -0.87767, -0.890777, -0.900825, -0.907638, -0.911046, -0.910893, -0.907037, -0.899355, -0.88774, -0.872107, -0.852393, -0.828562, -0.800603, -0.768534, -0.732405, -0.692296, -0.648322, -0.600632, -0.549411, -0.494879, -0.437294, -0.376951, -0.31418, -0.249348, -0.182853, -0.115131, -0.0466453, 0.0221124, 0.0906242, 0.158351, 0.224735, 0.289207, 0.351187, 0.410094, 0.465349, 0.516381, 0.562635, 0.603579, 0.638708, 0.667553, 0.689691, 0.704746, 0.712401, 
0.340561, 0.34073, 0.341066, 0.341567, 0.342227, 0.343042, 0.344002, 0.3451, 0.346324, 0.347663, 0.349102, 0.350626, 0.35222, 0.353863, 0.355538, 0.357221, 0.358891, 0.360523, 0.362091, 0.363568, 0.364925, 0.366131, 0.367156, 0.367965, 0.368525, 0.3688, 0.368752, 0.368345, 0.367538, 0.366292, 0.364566, 0.362317, 0.359504, 0.356084, 0.352012, 0.347246, 0.341742, 0.335457, 0.328347, 0.32037, 0.311484, 0.301649, 0.290826, 0.278976, 0.266065, 0.25206, 0.236928, 0.220643, 0.20318, 0.184519, 0.164643, 0.143539, 0.121201, 0.0976265, 0.0728192, 0.0467891, 0.0195526, -0.00886674, -0.0384383, -0.0691235, -0.100876, -0.13364, -0.167353, -0.201941, 
-0.237322, -0.273405, -0.310087, -0.347259, -0.384799, -0.422576, -0.460449, -0.498269, -0.535875, -0.5731, -0.609767, -0.645689, -0.680675, -0.714526, -0.747037, -0.777997, -0.807194, -0.834412, -0.859432, -0.882039, -0.902017, -0.919155, -0.933245, -0.94409, -0.951499, -0.955292, -0.955305, -0.951387, -0.943405, -0.931248, -0.914824, -0.894067, -0.868938, -0.839426, -0.805549, -0.76736, -0.724945, -0.678423, -0.627955, -0.573735, -0.515998, -0.455017, -0.391105, -0.324611, -0.255924, -0.185468, -0.113705, -0.0411256, 0.0317476, 0.104365, 0.176156, 0.246527, 0.314875, 0.380585, 0.443039, 0.501624, 0.555733, 0.604778, 0.648194, 0.685444, 0.716033, 0.739509, 0.755474, 0.763591, 
0.378218, 0.37839, 0.378734, 0.379245, 0.379918, 0.380749, 0.381728, 0.382846, 0.384092, 0.385454, 0.386917, 0.388464, 0.39008, 0.391744, 0.393435, 0.395132, 0.396811, 0.398445, 0.400009, 0.401473, 0.402807, 0.403979, 0.404957, 0.405706, 0.406189, 0.40637, 0.40621, 0.405668, 0.404705, 0.403278, 0.401344, 0.39886, 0.39578, 0.392061, 0.387656, 0.382521, 0.376608, 0.369874, 0.362273, 0.353761, 0.344293, 0.333828, 0.322324, 0.309742, 0.296044, 0.281197, 0.265168, 0.247927, 0.229449, 0.209713, 0.188701, 0.166401, 0.142804, 0.117909, 0.0917204, 0.0642478, 0.0355088, 0.00552796, -0.0256624, -0.0580218, -0.0915014, -0.126043, -0.161581, -0.198037, 
-0.235326, -0.273352, -0.312008, -0.351177, -0.390733, -0.430538, -0.470445, -0.510295, -0.549922, -0.589149, -0.62779, -0.66565, -0.702529, -0.738215, -0.772495, -0.805149, -0.835951, -0.864676, -0.891095, -0.91498, -0.936106, -0.95425, -0.969195, -0.980733, -0.988664, -0.992799, -0.992965, -0.989003, -0.980775, -0.968162, -0.951068, -0.929425, -0.90319, -0.872351, -0.836928, -0.796976, -0.752584, -0.703878, -0.651026, -0.594232, -0.533742, -0.469842, -0.40286, -0.333164, -0.261161, -0.187296, -0.112053, -0.0359487, 0.0404698, 0.116626, 0.191918, 0.265727, 0.337417, 0.406344, 0.471858, 0.533315, 0.59008, 0.641533, 0.687082, 0.726164, 0.758257, 0.782889, 0.79964, 0.808157, 
0.408227, 0.408403, 0.408753, 0.409274, 0.409961, 0.410808, 0.411806, 0.412946, 0.414215, 0.415601, 0.417089, 0.418663, 0.420304, 0.421993, 0.423708, 0.425426, 0.427122, 0.42877, 0.430342, 0.431808, 0.433138, 0.434297, 0.435252, 0.435968, 0.436406, 0.436528, 0.436294, 0.435663, 0.434593, 0.433039, 0.430958, 0.428304, 0.425031, 0.421093, 0.416442, 0.411031, 0.404813, 0.397741, 0.389768, 0.380848, 0.370935, 0.359986, 0.347958, 0.33481, 0.320504, 0.305003, 0.288274, 0.270287, 0.251015, 0.230436, 0.208531, 0.185288, 0.160699, 0.134761, 0.107478, 0.0788624, 0.0489306, 0.0177086, -0.0147704, -0.0484642, -0.0833224, -0.119285, -0.156282, -0.194235, 
-0.233054, -0.27264, -0.312881, -0.353657, -0.394836, -0.436276, -0.477823, -0.519313, -0.560574, -0.601421, -0.641661, -0.681093, -0.719507, -0.756685, -0.792404, -0.826436, -0.858548, -0.888503, -0.916065, -0.940998, -0.963066, -0.982039, -0.997691, -1.0098, -1.01817, -1.0226, -1.0229, -1.01892, -1.0105, -0.997533, -0.979909, -0.957557, -0.930435, -0.898529, -0.861861, -0.820484, -0.774493, -0.72402, -0.669235, -0.610352, -0.547626, -0.481354, -0.411876, -0.339574, -0.264871, -0.18823, -0.110151, -0.0311717, 0.0481389, 0.127182, 0.205334, 0.28195, 0.356371, 0.427926, 0.495942, 0.559748, 0.618684, 0.672109, 0.719403, 0.759984, 0.79331, 0.818887, 0.836283, 0.845127, 
0.429629, 0.429809, 0.430166, 0.430697, 0.431398, 0.432261, 0.433278, 0.434439, 0.435733, 0.437145, 0.438661, 0.440264, 0.441935, 0.443654, 0.445399, 0.447147, 0.448871, 0.450545, 0.45214, 0.453626, 0.45497, 0.45614, 0.457099, 0.457812, 0.45824, 0.458343, 0.45808, 0.457409, 0.456286, 0.454668, 0.452507, 0.449758, 0.446374, 0.442306, 0.437506, 0.431926, 0.425517, 0.418231, 0.41002, 0.400835, 0.390632, 0.379364, 0.366988, 0.353462, 0.338745, 0.322802, 0.305596, 0.287098, 0.26728, 0.246119, 0.223595, 0.199696, 0.174413, 0.147744, 0.119692, 0.0902691, 0.0594931, 0.02739, -0.00600596, -0.040652, -0.0764962, -0.113477, -0.151524, -0.190554, 
-0.230478, -0.271191, -0.312582, -0.354525, -0.396885, -0.439516, -0.482261, -0.524952, -0.56741, -0.609447, -0.650864, -0.691454, -0.731002, -0.769284, -0.806071, -0.841127, -0.874214, -0.905088, -0.933507, -0.959226, -0.982005, -1.00161, -1.0178, -1.03035, -1.03906, -1.04372, -1.04414, -1.04016, -1.03163, -1.01841, -1.00041, -0.977556, -0.949794, -0.917114, -0.879536, -0.837118, -0.789955, -0.738181, -0.681972, -0.621547, -0.557169, -0.489141, -0.417813, -0.343577, -0.266868, -0.188162, -0.107972, -0.0268518, 0.0546149, 0.135812, 0.216099, 0.294813, 0.371274, 0.444795, 0.514683, 0.580248, 0.640812, 0.695713, 0.744317, 0.786023, 0.820273, 0.84656, 0.864439, 0.87353, 
0.441487, 0.44167, 0.442034, 0.442575, 0.443289, 0.444169, 0.445206, 0.446389, 0.447708, 0.449149, 0.450695, 0.452331, 0.454036, 0.455791, 0.457574, 0.459359, 0.461123, 0.462836, 0.46447, 0.465994, 0.467376, 0.468582, 0.469576, 0.47032, 0.470775, 0.470903, 0.47066, 0.470004, 0.46889, 0.467274, 0.46511, 0.462348, 0.458943, 0.454844, 0.450004, 0.444372, 0.437899, 0.430537, 0.422235, 0.412946, 0.402623, 0.391218, 0.378689, 0.364992, 0.350086, 0.333933, 0.316499, 0.297751, 0.277662, 0.256207, 0.233368, 0.20913, 0.183485, 0.156429, 0.127968, 0.0981114, 0.0668778, 0.0342932, 0.000392241, -0.0347819, -0.0711767, -0.10873, -0.14737, -0.187014, 
-0.22757, -0.268932, -0.310988, -0.353609, -0.39666, -0.439991, -0.483444, -0.526846, -0.570018, -0.612767, -0.654892, -0.696182, -0.736418, -0.775374, -0.812815, -0.848503, -0.882193, -0.913641, -0.942597, -0.968814, -0.992046, -1.01205, -1.02859, -1.04145, -1.05039, -1.05522, -1.05574, -1.05179, -1.04321, -1.02988, -1.01167, -0.988532, -0.960404, -0.927273, -0.889162, -0.846126, -0.798263, -0.745707, -0.68864, -0.627281, -0.561896, -0.492796, -0.420336, -0.344912, -0.266969, -0.186988, -0.105493, -0.0230455, 0.05976, 0.142297, 0.223914, 0.303937, 0.381674, 0.456425, 0.527487, 0.594155, 0.655741, 0.711571, 0.760999, 0.803413, 0.838247, 0.864983, 0.883167, 0.892413, 
0.442903, 0.44309, 0.44346, 0.444012, 0.444739, 0.445635, 0.446692, 0.4479, 0.449245, 0.450715, 0.452295, 0.453967, 0.455711, 0.457509, 0.459337, 0.46117, 0.462985, 0.464752, 0.466443, 0.468026, 0.46947, 0.47074, 0.471799, 0.472612, 0.473138, 0.473337, 0.473167, 0.472586, 0.471549, 0.470009, 0.467922, 0.465238, 0.461911, 0.45789, 0.453127, 0.447571, 0.441173, 0.433884, 0.425654, 0.416435, 0.406178, 0.394837, 0.382368, 0.368726, 0.353872, 0.337766, 0.320373, 0.301661, 0.281601, 0.260169, 0.237346, 0.213116, 0.187471, 0.160408, 0.13193, 0.102048, 0.07078, 0.0381511, 0.00419603, -0.0310422, -0.0675113, -0.105149, -0.143884, -0.183633, 
-0.224304, -0.265792, -0.307982, -0.350748, -0.393952, -0.437445, -0.481067, -0.524647, -0.568002, -0.610941, -0.65326, -0.694748, -0.735185, -0.774343, -0.811986, -0.847875, -0.881764, -0.913405, -0.942549, -0.968947, -0.992351, -1.01252, -1.02921, -1.04219, -1.05125, -1.05618, -1.05679, -1.0529, -1.04435, -1.03103, -1.01281, -0.989633, -0.961438, -0.928213, -0.889977, -0.846789, -0.798742, -0.745975, -0.688666, -0.627038, -0.561357, -0.491934, -0.419125, -0.343332, -0.264997, -0.184608, -0.10269, -0.019807, 0.063442, 0.146428, 0.228493, 0.308961, 0.387136, 0.462312, 0.533781, 0.600836, 0.662781, 0.71894, 0.768661, 0.811328, 0.84637, 0.873268, 0.891562, 0.900865, 
0.433048, 0.433237, 0.433614, 0.434176, 0.434917, 0.43583, 0.436907, 0.438139, 0.439512, 0.441014, 0.44263, 0.444341, 0.44613, 0.447977, 0.449859, 0.451751, 0.45363, 0.455467, 0.457233, 0.458898, 0.460429, 0.461793, 0.462953, 0.463873, 0.464515, 0.464837, 0.464798, 0.464356, 0.463467, 0.462084, 0.460162, 0.457654, 0.45451, 0.450684, 0.446125, 0.440784, 0.434611, 0.427557, 0.419573, 0.41061, 0.400622, 0.38956, 0.37738, 0.36404, 0.349497, 0.333714, 0.316654, 0.298286, 0.27858, 0.257512, 0.235063, 0.211216, 0.185963, 0.1593, 0.13123, 0.101764, 0.0709172, 0.038716, 0.0051937, -0.0296076, -0.0656364, -0.102832, -0.141123, -0.180428, 
-0.220655, -0.261702, -0.303455, -0.345788, -0.388565, -0.431639, -0.47485, -0.51803, -0.560997, -0.60356, -0.645519, -0.686662, -0.726773, -0.765623, -0.80298, -0.838604, -0.872253, -0.903678, -0.932633, -0.958869, -0.982139, -1.0022, -1.01882, -1.03176, -1.04081, -1.04577, -1.04643, -1.04263, -1.03421, -1.02105, -1.00302, -0.980068, -0.95213, -0.919193, -0.881277, -0.838437, -0.790767, -0.738403, -0.681521, -0.620342, -0.55513, -0.486193, -0.413886, -0.338605, -0.260793, -0.180931, -0.0995421, -0.0171876, 0.0655377, 0.148008, 0.22957, 0.30955, 0.387256, 0.461986, 0.533035, 0.599701, 0.661289, 0.717128, 0.766567, 0.808995, 0.843842, 0.870591, 0.888786, 0.898038, 
0.411181, 0.411374, 0.411758, 0.412329, 0.413083, 0.414013, 0.415112, 0.416368, 0.41777, 0.419306, 0.42096, 0.422716, 0.424555, 0.426458, 0.428402, 0.430365, 0.432321, 0.434244, 0.436105, 0.437875, 0.439521, 0.441011, 0.442309, 0.44338, 0.444185, 0.444684, 0.444838, 0.444603, 0.443938, 0.442796, 0.441134, 0.438903, 0.436058, 0.43255, 0.42833, 0.42335, 0.417562, 0.410916, 0.403364, 0.394858, 0.385352, 0.374798, 0.363153, 0.350374, 0.336421, 0.321254, 0.304838, 0.287142, 0.268136, 0.247796, 0.226101, 0.203037, 0.178593, 0.152766, 0.125557, 0.0969753, 0.0670375, 0.0357672, 0.00319672, -0.0306334, -0.0656735, -0.101864, -0.139137, -0.177413, 
-0.216602, -0.256604, -0.297309, -0.338594, -0.380325, -0.42236, -0.464542, -0.506705, -0.548673, -0.590258, -0.631265, -0.671486, -0.710707, -0.748707, -0.785256, -0.82012, -0.85306, -0.883833, -0.912195, -0.937904, -0.960716, -0.980393, -0.996702, -1.00942, -1.01833, -1.02322, -1.02392, -1.02024, -1.01204, -0.99919, -0.981578, -0.959128, -0.931793, -0.899555, -0.862431, -0.820475, -0.773778, -0.722472, -0.66673, -0.606767, -0.54284, -0.475254, -0.404353, -0.330528, -0.25421, -0.175874, -0.0960316, -0.0152337, 0.0659359, 0.146862, 0.226905, 0.305401, 0.381672, 0.455027, 0.524775, 0.590223, 0.650691, 0.705516, 0.754062, 0.795726, 0.829947, 0.856217, 0.874085, 0.883173, 
0.376685, 0.376881, 0.377271, 0.377852, 0.37862, 0.379567, 0.380686, 0.381968, 0.383401, 0.384972, 0.386668, 0.388472, 0.390367, 0.392333, 0.394349, 0.396393, 0.398442, 0.400468, 0.402445, 0.404344, 0.406134, 0.407783, 0.409258, 0.410523, 0.411541, 0.412275, 0.412685, 0.41273, 0.412369, 0.411558, 0.410253, 0.408409, 0.40598, 0.402921, 0.399183, 0.394719, 0.389483, 0.383426, 0.376501, 0.368662, 0.359863, 0.350059, 0.339206, 0.327263, 0.314189, 0.299948, 0.284503, 0.267824, 0.249882, 0.230652, 0.210114, 0.188252, 0.165056, 0.140521, 0.114649, 0.0874467, 0.0589296, 0.0291196, -0.00195305, -0.0342501, -0.0677243, -0.10232, -0.13797, -0.1746, 
-0.212125, -0.250447, -0.289461, -0.32905, -0.369085, -0.409428, -0.449928, -0.490427, -0.530754, -0.570727, -0.610158, -0.648848, -0.686589, -0.723167, -0.758359, -0.79194, -0.823678, -0.853339, -0.880685, -0.905482, -0.927493, -0.946489, -0.962242, -0.974534, -0.983156, -0.98791, -0.988613, -0.985097, -0.977215, -0.964839, -0.947867, -0.92622, -0.899851, -0.868742, -0.832908, -0.7924, -0.747304, -0.697747, -0.643895, -0.585954, -0.524174, -0.458847, -0.390306, -0.318927, -0.245129, -0.16937, -0.0921441, -0.0139852, 0.0645421, 0.142843, 0.220296, 0.29626, 0.370078, 0.441081, 0.508597, 0.571957, 0.6305, 0.683584, 0.730592, 0.770938, 0.804079, 0.829521, 0.846828, 0.85563, 
0.329092, 0.329291, 0.329687, 0.330277, 0.331058, 0.332022, 0.333163, 0.33447, 0.335935, 0.337544, 0.339285, 0.341141, 0.343097, 0.345134, 0.347231, 0.349369, 0.351524, 0.353672, 0.355786, 0.35784, 0.359803, 0.361646, 0.363337, 0.364842, 0.366126, 0.367153, 0.367885, 0.368284, 0.36831, 0.367921, 0.367076, 0.365731, 0.363842, 0.361366, 0.358257, 0.35447, 0.349958, 0.344678, 0.338583, 0.331628, 0.32377, 0.314965, 0.305172, 0.294348, 0.282457, 0.269462, 0.255328, 0.240024, 0.223522, 0.205799, 0.186833, 0.166609, 0.145117, 0.122349, 0.0983077, 0.0729979, 0.0464328, 0.0186325, -0.0103756, -0.0405562, -0.0718656, -0.104252, -0.137653, -0.171998, 
-0.207208, -0.243191, -0.279848, -0.317068, -0.354731, -0.392704, -0.430847, -0.469009, -0.507027, -0.54473, -0.58194, -0.618466, -0.654111, -0.688673, -0.72194, -0.753696, -0.78372, -0.81179, -0.837681, -0.861166, -0.882022, -0.900028, -0.914968, -0.926632, -0.934821, -0.939344, -0.940027, -0.936709, -0.929246, -0.917518, -0.901423, -0.880887, -0.855862, -0.82633, -0.792303, -0.753827, -0.710985, -0.663894, -0.61271, -0.557631, -0.49889, -0.436766, -0.371574, -0.303673, -0.233459, -0.161367, -0.0878703, -0.0134743, 0.0612824, 0.135833, 0.209586, 0.28193, 0.352238, 0.419873, 0.484193, 0.54456, 0.600343, 0.65093, 0.695729, 0.734184, 0.765773, 0.790026, 0.806526, 0.814917, 
0.268115, 0.268316, 0.268718, 0.269318, 0.270112, 0.271093, 0.272255, 0.273589, 0.275087, 0.276736, 0.278524, 0.280437, 0.282459, 0.284574, 0.286763, 0.289006, 0.291283, 0.293569, 0.295842, 0.298076, 0.300243, 0.302315, 0.304262, 0.306053, 0.307656, 0.309036, 0.310158, 0.310987, 0.311484, 0.311612, 0.31133, 0.310598, 0.309376, 0.30762, 0.30529, 0.302342, 0.298734, 0.294421, 0.289363, 0.283515, 0.276836, 0.269286, 0.260824, 0.251412, 0.241012, 0.229589, 0.217112, 0.203549, 0.188874, 0.173062, 0.156095, 0.137955, 0.118631, 0.0981165, 0.0764106, 0.0535175, 0.029448, 0.0042191, -0.0221449, -0.0496126, -0.0781445, -0.107693, -0.138204, -0.16961, 
-0.20184, -0.23481, -0.268428, -0.302592, -0.33719, -0.372101, -0.407195, -0.44233, -0.477357, -0.512118, -0.546443, -0.580159, -0.613081, -0.645019, -0.675777, -0.705153, -0.732941, -0.758932, -0.782916, -0.804681, -0.824018, -0.84072, -0.854583, -0.86541, -0.873015, -0.877218, -0.877853, -0.87477, -0.867832, -0.856925, -0.841952, -0.822842, -0.799548, -0.77205, -0.740359, -0.704516, -0.664594, -0.620703, -0.572986, -0.521625, -0.466839, -0.408884, -0.348055, -0.284685, -0.219144, -0.151837, -0.0832063, -0.0137236, 0.0561078, 0.125758, 0.194675, 0.262285, 0.328002, 0.391229, 0.451366, 0.507814, 0.559983, 0.607297, 0.649204, 0.685179, 0.714735, 0.737429, 0.752869, 0.760723, 
0.193682, 0.193886, 0.194294, 0.194903, 0.195709, 0.196707, 0.19789, 0.199252, 0.200784, 0.202474, 0.204312, 0.206286, 0.20838, 0.210581, 0.21287, 0.215231, 0.217643, 0.220087, 0.22254, 0.224979, 0.227379, 0.229715, 0.231959, 0.234083, 0.236057, 0.23785, 0.23943, 0.240764, 0.241818, 0.242556, 0.242941, 0.242938, 0.242508, 0.241612, 0.240211, 0.238267, 0.235739, 0.232587, 0.228773, 0.224255, 0.218996, 0.212957, 0.206101, 0.198391, 0.189793, 0.180273, 0.169801, 0.158347, 0.145886, 0.132395, 0.117853, 0.102245, 0.0855582, 0.0677853, 0.0489235, 0.028975, 0.00794785, -0.0141441, -0.0372807, -0.0614349, -0.0865727, -0.112653, -0.139626, -0.167436, 
-0.196016, -0.225293, -0.255185, -0.2856, -0.316438, -0.34759, -0.378937, -0.410353, -0.441702, -0.472841, -0.503617, -0.533871, -0.563436, -0.592139, -0.619801, -0.646238, -0.671262, -0.694683, -0.716307, -0.735941, -0.753393, -0.768473, -0.780993, -0.790775, -0.797644, -0.801435, -0.801996, -0.799186, -0.792879, -0.782968, -0.769364, -0.751997, -0.730823, -0.705822, -0.677, -0.644392, -0.608064, -0.568112, -0.524665, -0.477887, -0.427976, -0.375164, -0.319718, -0.261941, -0.20217, -0.140774, -0.0781548, -0.0147441, 0.0489991, 0.112591, 0.175526, 0.23728, 0.297317, 0.35509, 0.410049, 0.461646, 0.50934, 0.552603, 0.590927, 0.623831, 0.650868, 0.67163, 0.685758, 0.692945, 
